UniqueCount	AmbigCount
77	0
351	0
9	0
116	0
59	22
137	0
347	0
25	0
257	0
341	3
2	0
27	0
37	0
37	44
185	30
399	4
46	6
540	0
290	0
160	35
50	0
265	1
225	0
196	0
41	31
90	0
104	0
42	27
113	0
48	0
281	0
40	0
148	0
24	0
63	22
30	0
178	22
192	0
396	39
18	0
93	0
219	0
90	0
479	0
78	0
376	0
248	62
548	0
356	6
211	40
373	36
26	4
82	0
38	0
70	25
0	0
32	0
1	0
1114	38
177	0
83	0
59	0
106	0
147	0
545	0
163	0
51	0
463	0
0	0
258	0
119	0
143	0
559	69
67	0
77	19
222	0
108	0
385	9
104	17
76	0
44	37
335	0
41	0
268	18
20	5
358	8
86	0
569	0
304	0
38	0
0	0
47	0
375	0
220	36
105	33
37	0
103	28
94	0
676	32
33	0
28	0
317	72
167	49
39	0
187	0
72	21
51	0
3	0
1	0
15	0
313	0
489	0
1	0
616	0
178	8
349	0
253	0
597	0
76	0
366	0
335	2
311	0
75	0
160	0
87	0
203	0
268	0
45	29
181	0
487	48
30	0
11	0
50	2
167	0
356	0
166	0
101	3
353	0
141	0
778	0
362	0
270	41
27	0
127	0
92	0
213	0
65	29
317	0
62	0
155	0
166	29
131	0
18	0
121	0
159	0
213	0
284	0
549	0
87	0
142	0
197	0
0	1
86	0
216	0
61	46
1	0
67	11
28	0
195	36
5	24
328	0
311	0
275	0
46	0
38	0
8	1
203	0
50	0
65	10
320	0
60	0
173	0
281	0
21	0
87	26
46	8
320	0
99	0
314	0
452	27
53	0
226	0
160	0
258	0
190	0
160	0
162	0
734	0
162	0
87	0
587	8
252	0
251	0
213	47
121	0
394	0
50	0
129	0
61	0
377	2
82	0
79	0
451	39
413	18
298	0
140	0
28	0
558	44
18	3
293	89
236	0
204	0
492	0
446	0
152	0
29	0
360	0
8	0
226	0
325	0
315	0
173	3
46	0
415	23
53	0
95	0
131	0
450	0
93	0
111	1
1	0
275	0
69	0
287	0
84	0
414	0
337	0
2	0
205	9
221	0
258	0
243	0
175	0
221	0
193	0
0	0
267	17
267	0
70	3
268	0
130	0
336	0
84	0
26	0
148	41
116	0
231	17
132	28
220	0
143	28
322	0
189	0
41	0
329	29
0	0
31	0
345	0
372	0
92	0
488	10
411	39
83	0
201	40
193	32
119	0
126	32
79	0
342	0
472	24
196	0
268	0
64	0
1	10
245	0
87	20
28	19
148	0
139	0
40	0
61	0
398	0
58	22
389	0
131	59
380	0
28	35
338	0
107	0
4	0
337	34
224	0
289	0
782	8
3	0
53	0
399	17
32	0
356	8
98	0
385	0
40	0
260	0
0	6
394	4
4	0
124	0
184	0
103	0
456	0
232	0
103	0
179	0
225	0
36	15
260	0
50	6
63	0
22	1
17	0
80	0
82	0
17	0
301	6
41	9
351	0
42	0
14	13
417	0
155	21
112	0
390	0
61	0
12	0
479	0
15	0
73	0
339	38
41	26
63	0
654	0
311	1
467	0
384	0
82	0
60	0
236	0
44	11
351	0
368	15
124	3
358	0
197	0
128	0
240	17
138	0
7	0
52	59
366	55
379	0
102	0
299	0
44	0
46	0
306	0
178	0
46	0
160	36
1	0
60	0
26	1
12	0
109	0
6	0
228	11
17	0
422	18
107	3
161	0
277	46
158	6
397	0
300	32
18	25
547	46
318	0
61	0
60	24
15	0
84	0
79	0
282	0
69	0
360	24
407	0
72	0
195	0
193	0
275	0
44	0
0	0
33	35
102	0
257	0
872	0
128	0
197	76
122	0
57	29
49	0
61	0
248	15
57	0
35	0
82	0
0	0
70	0
196	51
42	0
133	3
27	1
153	1
361	0
210	0
83	0
23	0
187	0
30	0
327	0
58	0
14	0
343	50
131	0
106	0
399	8
0	0
6	0
315	0
77	0
320	10
22	13
166	0
6	40
203	0
321	0
312	0
502	0
153	0
241	26
31	24
44	0
81	0
106	17
162	0
185	0
223	0
41	0
189	31
32	0
220	0
255	0
66	0
1	0
71	0
324	0
781	0
5	34
22	0
508	29
141	0
18	0
273	0
7	13
101	0
208	40
22	0
436	0
5	0
121	35
149	0
21	0
56	0
71	0
79	0
2	0
390	0
3	39
99	0
95	0
269	0
105	0
406	0
29	0
267	0
34	0
217	0
4	0
57	0
39	0
267	49
378	0
137	0
204	0
445	0
40	0
668	0
291	49
11	35
38	0
263	0
3	0
129	55
84	0
197	0
433	35
26	8
304	27
906	0
65	0
279	0
11	0
604	0
3	0
41	4
11	0
93	0
267	0
287	0
199	0
524	0
12	0
96	0
2	0
156	0
71	0
221	1
362	0
230	0
101	0
138	29
262	0
84	0
162	0
155	8
93	0
606	53
68	0
615	0
467	1
7	0
36	0
393	41
600	44
13	0
288	2
71	21
264	0
96	0
12	0
82	0
240	0
15	7
27	0
32	0
46	0
24	1
6	15
230	0
18	0
287	18
145	55
310	0
93	6
131	18
97	0
71	46
39	20
129	0
405	25
406	36
29	0
203	0
42	0
405	0
68	0
377	0
63	0
158	0
37	0
94	0
96	0
167	0
183	0
21	0
277	0
9	0
150	0
150	0
35	0
59	9
87	22
526	0
64	19
384	36
28	0
26	0
0	0
184	27
313	0
40	17
51	4
100	1
4	0
392	22
94	0
0	0
71	0
305	0
25	13
0	0
616	0
45	0
199	15
140	0
107	2
54	19
94	0
23	0
344	31
425	0
30	0
165	0
87	0
162	0
225	0
61	0
89	43
44	0
46	0
24	0
44	8
33	0
67	0
209	0
140	0
59	0
56	0
134	0
275	0
139	25
171	24
396	0
41	0
173	0
352	0
66	0
183	0
130	0
174	0
9	0
257	0
52	0
180	0
34	0
160	0
50	0
274	4
3	0
54	0
2	0
34	0
4	0
213	0
617	0
134	26
267	0
101	0
78	0
15	4
210	0
682	0
107	41
84	0
288	0
336	0
0	0
135	0
63	4
155	0
322	0
215	0
378	0
132	0
146	6
330	0
199	14
85	0
44	0
394	0
122	4
179	6
319	0
128	0
129	0
243	16
312	0
328	0
121	0
50	0
73	0
130	0
119	0
347	0
165	46
172	0
133	0
408	0
49	0
2	0
803	0
93	0
42	0
653	0
221	0
112	11
125	23
110	0
6	0
16	39
83	0
136	31
158	0
377	0
81	0
208	0
361	22
186	0
353	46
83	0
67	20
762	0
803	26
132	0
503	32
236	0
72	0
42	0
299	65
78	0
1	0
126	0
208	0
144	0
199	0
101	0
38	4
386	0
116	0
206	0
290	4
280	39
3	0
261	0
21	0
644	0
214	36
4	0
243	0
18	13
533	0
24	19
475	0
0	0
148	0
40	0
45	0
16	0
188	66
171	0
87	0
0	0
576	47
260	0
110	0
5	0
1	0
112	28
189	15
1	0
276	62
47	0
406	3
0	27
2	0
1	0
1052	0
6	7
176	0
79	0
122	0
428	0
22	0
55	0
301	37
52	13
472	0
151	0
1	0
229	0
215	11
152	0
258	0
379	0
194	0
806	0
116	0
24	0
236	0
430	0
56	3
117	0
25	0
22	0
382	0
54	9
50	0
547	0
37	0
100	0
156	0
54	0
242	0
37	0
193	0
85	0
209	0
70	0
32	0
284	28
22	0
20	0
69	0
360	0
60	0
0	0
80	0
291	35
114	24
74	0
29	0
100	6
168	0
38	0
404	0
69	0
1	28
279	0
21	0
42	0
45	0
15	0
50	0
0	1
118	0
290	0
550	1
0	0
28	0
93	33
403	0
720	33
1	0
298	0
44	0
51	0
6	0
51	0
212	5
63	0
10	0
97	24
217	41
147	0
195	20
29	22
37	34
62	0
181	43
3	0
43	1
52	0
377	0
273	0
10	6
39	0
216	0
110	0
125	0
202	0
22	0
665	0
19	6
221	44
33	0
418	0
67	0
42	0
223	2
42	0
43	0
0	0
18	0
10	0
13	5
2	25
79	0
31	0
37	0
9	0
5	0
1	0
30	0
120	0
415	13
62	0
208	0
42	0
1	0
29	0
240	0
45	0
145	0
212	22
1	0
95	0
118	0
402	0
20	0
235	37
64	0
81	4
467	10
380	0
41	45
112	0
273	0
55	0
2	0
6	0
205	0
115	15
105	0
237	0
81	20
24	0
220	0
558	19
173	0
0	0
38	18
89	0
98	19
199	0
56	0
156	0
99	0
0	0
106	0
288	0
62	31
78	0
190	0
117	0
427	3
95	36
13	0
26	0
354	0
52	0
401	0
113	45
159	20
144	0
270	0
69	43
101	0
52	31
87	0
59	0
108	0
26	0
163	0
33	0
153	0
0	0
80	0
373	0
248	0
29	34
228	0
93	0
1	0
52	0
435	0
145	0
74	0
155	0
0	0
31	0
292	0
232	6
54	0
29	11
32	0
189	0
269	0
217	0
365	0
77	0
1	0
87	0
32	16
14	0
523	35
31	0
244	0
24	0
3	0
63	19
152	0
416	0
39	0
242	0
114	0
194	0
53	1
124	0
0	43
113	0
0	0
2	0
30	0
26	0
30	0
5	28
413	0
321	0
142	0
170	0
208	0
94	0
64	30
156	61
17	0
667	0
237	0
2	0
63	3
203	0
33	29
251	0
41	0
34	43
334	0
514	0
33	0
263	0
346	0
219	17
107	0
193	0
153	19
79	0
68	0
77	0
25	0
106	0
133	0
251	23
131	0
62	0
474	0
92	0
61	0
19	9
0	0
129	0
1	0
114	32
179	0
252	0
183	0
64	0
54	0
178	0
2	0
75	0
78	0
276	47
348	0
32	38
110	34
127	0
272	0
48	0
0	0
89	0
3	48
30	9
51	0
140	0
403	0
0	0
127	0
15	0
118	4
57	9
2	0
11	23
75	0
278	0
9	0
612	37
391	4
0	0
542	0
263	2
33	0
15	43
20	0
69	0
134	0
333	41
22	38
193	0
293	0
55	0
86	0
57	0
119	0
55	0
92	0
49	0
48	0
13	0
55	0
123	0
115	1
629	0
283	16
144	0
4	0
839	15
122	49
169	0
69	0
6	1
122	30
11	0
123	49
236	0
51	29
34	1
71	0
134	0
82	0
189	17
418	26
73	0
82	0
81	0
13	14
109	0
30	0
0	0
1	0
19	0
0	0
95	0
348	35
308	0
20	6
50	0
411	0
29	0
161	0
50	0
31	22
63	55
175	43
111	3
9	0
73	26
132	0
35	18
5	27
10	0
0	0
92	0
18	0
121	0
290	0
72	24
129	0
12	0
114	0
487	0
50	0
278	0
137	38
0	0
207	0
52	0
537	40
457	0
194	0
384	0
278	0
106	0
130	1
101	6
18	0
54	0
204	0
145	13
80	0
279	0
297	0
5	0
11	0
247	0
670	0
99	38
97	0
145	12
637	0
47	0
29	0
91	58
95	20
16	0
0	0
213	0
32	0
51	0
149	0
138	0
0	0
40	9
83	0
28	0
1	0
40	29
66	35
73	11
80	0
59	16
44	0
70	0
63	0
81	0
78	0
37	0
0	0
359	0
53	0
58	4
237	27
37	0
151	0
0	0
446	0
195	35
6	0
6	13
39	0
90	1
86	0
67	0
118	39
32	0
1	0
339	0
84	0
98	0
23	0
89	0
123	0
8	0
16	0
21	11
188	12
63	13
81	0
87	0
0	0
186	0
227	34
151	44
54	41
346	43
344	0
0	0
1	1
16	13
15	0
2	0
164	0
52	2
156	29
24	0
45	0
32	0
131	5
93	0
59	43
266	8
91	0
32	4
0	0
53	0
119	0
151	0
234	0
118	0
1	0
138	39
130	34
0	0
44	0
12	18
351	5
106	0
60	0
0	0
71	6
110	25
43	0
0	26
17	0
510	0
81	0
79	0
27	0
222	51
568	34
32	0
22	0
386	27
50	33
138	55
46	0
166	0
57	0
57	29
54	0
3	0
41	0
126	16
40	0
11	0
119	0
92	0
2	0
183	3
60	47
215	0
373	24
32	0
203	0
48	21
312	0
72	0
44	0
62	0
69	0
200	0
267	65
136	0
0	0
239	0
1	9
348	0
69	0
81	0
56	0
77	16
41	33
132	0
21	0
10	0
72	0
14	25
85	0
49	0
40	26
92	0
79	32
38	0
87	0
167	0
252	0
131	0
44	0
144	0
75	0
21	0
31	0
32	27
141	0
8	0
108	0
70	0
20	0
85	0
487	0
15	4
97	0
54	0
12	0
119	0
39	0
163	22
46	0
43	0
1	0
99	0
97	54
82	0
96	0
115	0
106	34
114	0
103	0
3	0
257	0
208	0
33	39
42	0
178	0
371	0
55	38
113	0
190	0
18	0
181	23
64	0
28	0
16	0
32	0
285	17
16	0
332	0
63	27
43	0
128	0
8	0
275	0
7	0
105	0
115	11
125	0
49	0
5	2
21	0
408	0
80	48
78	0
20	0
298	0
268	0
26	0
24	8
51	0
322	0
46	0
53	0
95	0
58	8
0	0
248	0
82	0
273	0
19	0
269	0
131	0
1	0
1	0
0	0
89	0
29	0
242	0
34	0
0	0
171	0
1	0
5	0
3	0
64	0
59	0
1	0
169	38
0	0
93	0
134	0
95	15
124	0
264	0
72	24
32	0
275	10
196	42
21	0
85	0
46	0
2	0
7	0
8	0
69	0
81	0
5	0
173	0
6	0
66	0
133	0
4	43
28	0
13	0
37	0
22	0
14	0
42	15
0	0
39	0
6	0
132	0
163	0
62	0
15	0
155	0
177	52
160	0
271	32
30	0
238	3
34	0
101	38
18	6
88	0
15	0
390	33
63	33
12	0
237	0
3	0
105	0
238	27
285	45
84	1
45	0
72	0
130	0
144	0
50	0
54	0
234	47
301	0
0	0
84	0
377	0
218	0
38	0
5	0
121	0
361	0
173	0
38	7
7	0
42	14
203	14
87	16
222	0
1	11
187	6
94	1
156	0
0	0
119	0
274	0
34	0
26	0
131	0
5	0
400	32
43	0
1	0
7	0
0	0
8	0
188	0
60	0
119	0
103	0
4	0
44	0
113	8
312	0
201	0
35	0
183	0
164	17
236	52
113	0
50	22
129	0
101	0
73	13
0	0
261	0
64	34
24	0
151	0
62	0
27	0
2	0
36	0
421	0
42	0
64	0
30	0
73	0
210	0
310	0
24	0
126	0
11	0
74	0
551	0
150	0
12	0
270	45
17	0
32	0
171	0
111	0
50	0
27	0
48	13
73	0
92	0
164	0
29	0
199	0
143	20
341	0
34	18
340	23
11	0
145	0
89	0
19	21
16	2
62	0
9	0
24	8
62	0
113	0
75	27
11	5
5	10
91	0
5	0
4	0
2	0
125	0
102	0
7	4
201	0
106	12
41	0
26	0
365	48
13	0
95	0
30	0
45	0
11	8
63	0
6	0
226	0
292	3
116	5
18	0
207	0
138	0
416	49
333	1
210	5
45	0
414	0
13	6
30	0
47	0
18	0
60	0
137	9
22	0
23	0
46	0
105	0
179	0
214	0
43	0
96	39
31	0
556	0
309	0
0	3
108	0
77	0
32	0
148	0
165	0
37	0
6	0
17	0
87	0
95	24
66	0
100	0
0	0
46	0
0	0
1	0
30	0
54	0
26	0
228	0
23	0
77	0
1	0
120	52
8	0
55	0
12	0
101	62
93	15
95	0
58	0
19	0
61	17
319	0
118	0
37	0
94	21
70	0
205	19
176	0
1	0
6	0
2	0
11	0
5	13
34	0
337	3
131	0
48	0
68	0
102	0
47	35
26	0
145	0
53	13
2	0
112	0
210	14
4	0
162	0
11	0
189	0
118	46
69	0
54	13
52	0
71	0
0	0
84	0
256	0
932	0
47	0
247	25
224	22
24	0
1	0
213	0
100	40
602	0
11	0
103	0
78	0
263	0
135	0
50	0
40	0
290	36
63	0
174	0
41	30
108	43
44	32
75	0
41	0
137	0
2	0
122	0
8	6
51	0
40	0
245	29
44	0
239	0
271	14
25	0
231	0
55	0
154	49
115	0
60	0
353	0
131	39
31	0
0	0
47	0
3	0
20	40
16	0
64	0
0	0
6	0
64	37
4	49
41	0
0	0
86	0
16	24
10	0
183	0
898	0
59	0
22	0
42	12
180	34
17	0
61	0
41	19
42	0
11	2
15	0
21	11
132	0
3	7
57	11
2	0
40	0
78	0
14	0
120	0
124	0
112	56
0	0
39	0
1	5
163	0
206	0
127	2
63	0
54	0
149	1
216	0
40	0
0	0
65	0
64	0
39	0
5	0
95	0
210	31
13	17
10	0
136	0
3	0
41	0
38	35
13	0
47	0
6	13
32	11
129	0
84	0
189	0
31	0
134	21
0	0
160	3
50	0
4	0
24	0
90	0
25	0
163	21
5	15
38	0
91	0
111	0
53	0
43	0
22	0
63	0
49	0
356	8
88	0
0	0
14	0
243	0
293	60
70	0
140	23
25	0
7	0
118	3
86	59
56	0
0	0
22	0
20	0
133	0
237	37
70	25
22	0
52	5
91	0
74	0
76	0
13	0
61	0
21	0
35	0
32	0
71	0
59	39
150	0
62	0
91	41
46	0
90	0
167	0
56	0
1	0
86	0
220	0
49	0
101	15
76	0
41	0
16	0
82	0
17	0
0	0
182	1
186	0
53	0
227	0
47	0
1	0
15	1
21	22
1	19
222	0
25	0
117	36
185	0
135	56
63	0
64	0
48	1
186	0
1	0
270	29
184	0
189	0
0	0
147	0
30	0
46	0
2	0
228	0
23	0
1	0
111	0
20	0
85	0
580	0
28	44
62	48
1	0
3	0
254	0
58	0
66	34
444	0
223	12
1	0
44	0
259	0
36	0
190	0
20	0
136	0
43	0
46	0
66	0
21	0
60	0
685	0
2	0
86	0
76	0
111	0
162	0
0	0
261	0
27	3
95	0
141	34
0	0
39	0
150	0
11	0
457	0
119	0
0	0
190	45
1	0
51	0
87	17
17	0
621	0
82	0
66	0
79	16
0	0
23	0
0	0
197	0
193	0
87	27
75	0
65	0
146	0
31	35
42	0
51	23
158	13
85	23
0	0
189	71
0	5
73	0
15	3
236	12
103	0
1	0
37	39
32	0
32	0
80	0
179	3
62	0
129	14
12	0
68	0
32	0
149	4
68	8
14	0
1	0
39	0
133	0
19	0
79	0
292	69
484	0
75	0
0	0
267	0
62	0
89	0
119	23
493	0
82	0
169	0
53	0
28	27
78	0
22	0
0	0
190	0
49	2
1	0
57	8
107	19
67	0
74	0
96	10
0	0
44	0
2	0
31	0
155	0
244	0
1	0
61	0
204	0
18	0
96	1
26	6
119	6
46	34
0	0
91	0
97	0
31	62
130	0
58	0
114	0
111	0
66	18
33	0
97	0
33	25
62	5
159	0
80	3
47	0
71	0
80	0
31	0
11	0
5	0
251	32
2	0
0	0
6	0
48	0
31	0
119	0
113	0
34	0
29	0
74	0
19	26
76	35
313	0
26	2
8	22
70	0
104	0
222	0
1	0
113	0
2	0
114	0
0	0
0	0
21	8
9	0
3	0
7	29
90	0
42	0
82	0
39	0
49	0
220	0
0	3
60	0
26	0
60	0
11	0
0	0
21	0
6	18
338	0
216	0
171	0
49	0
30	0
1	0
179	0
104	0
31	0
403	0
391	0
64	0
97	0
0	0
41	0
12	1
73	0
29	0
287	40
240	0
32	0
136	0
38	0
61	0
47	3
256	0
28	0
82	0
0	0
78	0
46	0
16	9
24	0
1	0
39	17
218	18
18	0
0	0
20	0
15	0
33	0
7	15
219	27
35	0
21	0
12	0
1	0
32	0
42	0
55	0
4	0
18	0
75	0
68	0
0	0
15	0
505	0
48	0
7	0
42	0
54	48
2	0
127	0
622	0
42	14
87	0
84	15
75	11
310	25
117	0
133	0
39	35
2	0
381	0
250	0
464	50
98	0
0	0
25	0
101	0
80	0
6	0
0	0
52	21
4	0
44	38
32	0
70	55
23	0
73	18
26	0
51	1
266	0
83	23
103	6
243	0
119	0
48	0
25	1
59	0
23	0
0	0
60	30
75	0
235	2
218	0
148	35
10	0
219	0
138	0
5	0
63	0
78	0
227	41
6	0
99	0
2	0
75	0
604	0
87	0
163	0
14	0
67	0
146	0
30	0
0	0
20	18
12	0
33	0
136	0
3	0
606	0
36	0
114	3
218	0
0	0
46	30
8	0
493	33
0	20
0	0
75	2
45	3
7	8
299	0
0	0
62	0
55	0
81	0
110	0
35	0
23	0
99	0
202	0
29	0
219	62
69	0
75	0
28	0
66	0
17	0
1	0
1073	0
92	0
23	0
119	0
184	0
14	0
180	0
1	0
0	0
65	3
29	0
192	0
78	0
1	10
3	0
34	0
5	4
124	0
4	0
18	2
16	0
41	6
5	6
12	0
55	0
164	30
14	0
19	0
35	0
16	0
2	0
61	0
146	0
38	0
107	0
117	0
10	5
22	0
65	0
67	0
62	0
55	0
51	0
2	0
52	24
43	0
252	0
1	0
123	0
90	0
60	0
9	0
87	0
0	0
16	0
0	0
240	10
43	0
2	0
97	0
65	0
32	0
13	0
41	29
68	0
28	0
3	0
100	16
1	0
38	0
2	0
0	0
0	0
4	0
179	9
209	0
26	0
1	0
81	0
27	0
20	0
6	0
79	0
215	60
0	21
13	0
1	0
16	0
34	0
25	0
131	0
2	0
37	0
30	0
70	3
41	12
11	0
7	0
36	0
9	0
105	0
96	36
10	0
10	62
97	0
1	0
16	0
23	0
37	0
0	0
27	0
1	0
485	0
216	0
42	0
85	0
37	0
44	0
64	52
3	0
23	0
39	0
8	0
57	0
19	8
43	3
8	0
0	0
95	0
58	34
31	0
28	0
1	0
136	0
11	0
20	0
16	0
18	0
39	0
106	0
58	0
45	0
18	0
20	0
461	0
1	0
0	0
27	0
90	0
68	0
307	0
179	0
1	0
27	0
161	59
18	0
146	0
0	0
76	0
56	0
39	73
20	0
67	0
91	0
65	0
16	0
9	0
28	0
1	0
41	13
17	0
120	32
0	0
150	0
2	0
231	0
10	0
89	0
59	0
1	0
121	0
18	19
48	32
0	0
181	29
26	12
0	26
416	0
15	0
288	0
156	22
3	1
108	20
9	0
25	0
81	0
17	0
27	14
91	0
9	0
6	0
4	0
135	36
191	9
92	0
4	0
43	0
14	0
65	0
0	5
84	0
20	0
63	0
317	0
51	0
132	0
84	44
33	0
2	0
63	0
44	0
72	17
70	18
17	33
15	0
160	0
1	0
34	0
81	26
5	0
17	0
85	21
0	0
151	0
0	0
219	0
301	56
5	0
94	26
38	0
518	0
42	29
7	0
58	2
10	0
65	0
38	0
25	0
185	36
27	0
23	1
58	0
2	0
1	0
30	0
36	0
202	20
7	33
22	0
5	0
8	0
35	0
29	0
309	1
116	1
88	1
44	42
0	0
74	0
270	0
36	20
63	0
109	0
6	0
4	0
22	10
308	0
160	0
10	0
167	14
0	0
36	0
7	21
98	2
1	0
18	0
74	64
4	0
69	0
3	0
102	0
0	0
7	0
1	0
3	0
13	0
17	0
163	14
7	0
16	17
74	0
46	0
8	0
9	0
70	0
37	0
2	0
50	0
28	0
11	0
33	0
60	0
13	0
139	0
96	19
9	38
28	0
182	0
0	0
22	0
63	0
31	0
46	0
0	0
12	0
81	0
19	0
42	0
78	0
1	0
21	31
401	0
88	0
0	0
3	0
2	0
40	39
1	0
5	0
104	0
67	3
11	0
38	0
7	0
40	0
47	10
63	33
12	18
39	0
31	6
81	0
0	1
74	0
0	0
23	0
75	34
50	0
5	0
141	0
24	0
12	0
2	0
0	0
11	0
77	0
118	0
22	11
1	0
31	0
10	0
18	0
297	53
60	12
0	0
15	0
1	0
55	0
39	10
71	47
18	0
32	0
16	0
3	0
31	0
70	0
10	8
3	3
27	0
3	0
10	0
142	0
19	4
6	7
160	0
250	0
13	3
129	0
2	0
1	0
162	52
36	34
14	8
37	13
122	0
0	0
13	4
2	0
105	0
7	0
1	0
62	0
37	0
69	0
254	8
67	0
0	0
79	10
54	0
63	39
0	0
27	0
73	0
76	0
113	6
42	0
19	0
77	0
272	0
101	1
181	0
11	0
15	1
118	0
28	0
1	0
12	0
103	0
31	0
1	0
34	0
9	0
57	0
107	0
28	1
11	40
49	0
47	0
85	0
2	23
84	33
185	0
28	0
47	0
3	0
17	20
112	0
353	0
1	0
49	40
19	8
9	0
35	0
189	27
29	0
0	0
82	27
125	0
27	0
22	0
73	1
9	29
300	18
73	31
11	0
91	0
56	0
24	0
6	0
0	0
3	0
32	0
16	0
1	0
48	0
38	31
13	70
32	0
12	0
76	22
17	0
0	0
144	0
349	0
40	14
0	0
0	0
1	0
0	0
128	0
57	0
10	20
143	0
35	0
179	0
31	0
67	34
15	0
69	26
35	4
16	0
11	0
11	0
74	0
1	0
50	0
20	0
1	0
198	0
81	22
161	0
41	0
48	19
31	30
16	3
38	0
335	0
191	0
26	0
2	0
21	0
2	0
41	0
34	0
7	0
0	0
121	22
0	0
49	0
3	0
4	0
57	30
59	0
37	0
8	9
14	0
19	0
23	0
3	0
30	5
3	0
14	0
45	17
119	33
37	0
37	0
10	6
6	0
10	1
257	0
54	42
29	54
2	0
0	0
22	28
5	0
0	7
39	0
0	0
146	0
30	22
8	0
50	40
1	0
123	0
0	0
48	0
0	20
142	0
69	16
30	15
22	0
45	0
87	0
0	0
324	33
13	18
0	0
94	0
55	0
82	0
32	13
6	2
73	0
33	0
8	0
19	0
210	0
260	0
15	0
45	0
120	0
4	0
82	2
107	7
8	0
202	0
14	0
44	0
0	0
0	0
56	0
141	0
73	0
37	0
20	3
3	0
46	0
2	0
177	0
6	0
0	0
180	0
103	0
4	5
111	0
23	0
11	0
1	0
64	0
19	0
30	16
34	15
7	0
25	0
11	0
7	18
0	0
420	0
5	0
50	0
180	0
85	0
1	0
59	0
1	0
1	0
97	0
28	0
0	0
23	25
5	0
31	0
294	0
66	0
19	5
59	1
37	0
0	0
10	0
3	0
3	8
70	25
12	10
73	0
54	22
26	0
0	0
35	0
8	21
314	0
89	0
1	2
0	0
8	0
19	0
1	0
521	0
189	0
176	0
37	0
105	11
75	0
0	0
2	0
95	24
0	0
116	0
304	0
20	0
14	0
11	0
116	4
124	0
160	0
87	0
33	0
16	0
81	0
26	0
12	0
2	0
1	3
4	0
147	0
36	0
42	23
22	11
18	45
1	0
34	1
37	59
68	42
0	0
20	0
63	0
20	0
3	0
0	0
75	0
77	0
35	0
85	0
58	1
44	12
7	0
175	9
84	0
1	0
203	0
0	0
72	0
31	0
52	0
71	0
0	0
0	0
7	17
86	0
1	0
29	0
34	0
0	0
76	0
0	0
62	0
66	0
84	0
0	0
9	0
20	11
1	0
16	0
9	0
7	0
26	0
3	2
139	0
3	0
52	28
229	0
9	0
67	0
32	48
12	0
40	0
33	24
3	0
1	0
65	16
151	15
1	0
1	2
0	0
102	0
46	39
90	0
60	0
2	0
37	0
44	10
64	0
25	0
13	0
5	1
13	4
44	0
23	0
30	0
68	0
1	0
8	0
2	0
62	0
0	0
19	0
45	31
0	0
0	0
2	0
34	0
105	20
47	0
24	0
0	0
11	0
8	0
171	0
1	0
13	0
20	0
11	0
3	1
3	0
1	0
27	22
18	53
202	0
46	0
19	0
56	0
9	0
18	0
1	0
4	0
86	46
4	0
38	0
37	0
145	18
33	0
192	0
25	0
59	31
85	27
185	7
39	0
12	0
55	6
8	0
8	0
59	0
1	0
59	0
60	0
174	1
53	0
0	0
44	59
13	0
56	0
4	2
38	0
202	15
2	0
61	0
25	15
72	0
2	22
31	0
43	18
81	27
0	0
75	8
69	0
5	0
35	20
59	2
6	0
34	0
52	0
6	0
1	0
48	0
52	0
205	2
12	0
27	0
307	0
105	0
29	0
44	4
219	0
28	0
20	0
36	23
193	0
358	17
46	0
12	0
4	0
1	0
39	3
112	34
56	0
71	0
30	9
117	0
23	0
64	0
7	7
70	19
9	0
8	0
68	0
51	5
23	9
26	0
22	0
94	0
407	0
3	0
12	0
27	0
0	0
28	0
16	0
36	18
53	0
22	0
63	0
0	0
7	8
27	0
0	0
364	0
11	0
13	0
102	5
1	0
23	0
138	45
171	0
2	0
25	0
0	0
13	2
68	0
296	0
43	0
81	34
17	2
15	0
1	0
48	0
27	6
9	0
271	26
69	0
77	0
25	0
8	12
0	0
4	0
0	0
67	0
3	0
154	0
28	0
43	0
31	0
7	0
27	0
14	1
11	4
40	0
15	0
28	0
137	0
17	5
10	0
3	0
68	0
12	0
4	19
36	0
8	1
110	2
20	0
0	0
123	57
2	0
30	0
4	0
65	11
45	1
49	0
302	40
80	0
42	9
16	0
98	0
3	0
36	0
34	26
90	2
15	0
10	46
8	0
139	0
0	0
16	0
41	0
17	0
8	0
82	0
11	23
10	0
0	0
18	0
61	0
0	0
53	0
12	0
22	0
281	24
24	29
0	0
3	0
17	0
51	3
10	0
1	0
23	0
6	0
66	0
59	0
71	0
0	0
64	0
65	0
26	0
22	0
8	10
1	0
157	0
162	0
50	18
154	0
4	0
12	0
31	0
2	0
55	0
68	0
6	2
393	23
4	0
26	0
161	0
8	6
0	0
192	19
31	0
39	31
54	0
16	0
87	34
29	1
127	0
34	0
235	0
469	0
17	0
36	10
9	29
19	13
7	0
29	0
2	0
118	0
3	0
0	0
41	0
49	0
15	3
56	0
1	0
11	0
28	0
74	8
2	0
0	5
9	0
27	0
29	0
4	0
145	0
0	0
66	21
2	0
65	0
9	0
8	0
24	13
34	0
2	0
25	0
194	0
1	0
7	0
111	0
25	0
15	0
70	0
115	0
43	0
27	0
1	0
0	0
0	0
18	0
73	0
133	0
4	0
15	0
1	0
89	0
0	0
2	0
43	11
22	0
6	0
57	0
34	8
24	0
52	0
70	0
18	0
6	0
47	0
131	0
115	0
13	0
0	0
3	0
53	0
54	0
280	18
1	0
1	0
71	0
9	0
22	0
19	0
54	1
0	0
123	2
59	0
69	2
43	0
28	11
27	0
1	0
29	0
2	0
28	0
73	0
67	0
5	0
0	0
9	0
0	0
77	9
0	0
25	0
3	0
73	0
2	0
96	0
0	0
171	0
7	0
8	9
57	64
22	0
3	0
9	6
114	48
96	0
30	5
5	0
43	0
76	13
3	0
7	0
124	0
13	7
14	2
170	0
0	0
1	0
119	0
125	28
101	47
49	0
49	0
6	6
8	0
1	0
7	0
10	35
14	6
3	0
26	0
22	0
1	0
73	0
30	49
2	0
7	0
22	0
12	3
93	4
29	0
1	0
22	0
17	0
76	0
58	15
0	0
58	0
2	0
37	24
11	2
58	0
0	0
42	0
35	0
40	0
2	0
19	0
4	0
14	0
64	4
20	0
66	14
27	0
19	0
59	0
2	0
25	6
1	0
7	50
13	0
20	0
38	0
664	0
83	0
2	0
87	0
12	0
177	0
5	1
9	0
28	49
21	9
11	0
98	0
0	6
38	6
28	0
1	0
32	14
31	1
2	0
29	0
58	0
0	0
52	0
1	0
0	0
39	0
23	0
23	13
70	4
56	0
1	0
7	0
0	0
228	24
1	0
10	7
1	4
404	48
105	0
42	0
37	0
47	27
45	23
17	0
0	0
5	0
70	0
6	0
0	0
6	0
8	0
9	0
4	0
130	0
5	0
12	0
222	6
31	24
2	0
0	0
10	0
118	0
10	0
29	13
7	0
38	0
220	29
20	0
76	0
2	0
2	0
129	0
2	0
13	28
2	0
14	0
3	0
55	0
33	1
312	0
1	0
48	0
15	0
59	0
133	0
2	0
42	0
2	0
29	0
3	41
34	0
2	0
1	0
0	0
2	0
123	15
0	0
43	0
45	0
2	0
0	0
11	0
3	0
4	0
122	0
24	0
11	0
3	0
0	0
40	0
7	0
63	0
60	0
17	0
15	0
4	0
8	0
31	14
14	0
144	25
2	0
1	0
10	0
9	0
38	0
5	0
35	49
14	0
18	0
56	0
3	0
8	0
25	23
12	3
3	0
21	0
46	22
29	0
97	12
2	19
5	0
20	0
41	0
8	0
7	0
45	0
4	0
836	0
2	17
25	0
48	0
40	43
3	0
39	0
0	0
326	40
3	0
28	0
21	0
12	58
0	0
0	0
2	3
32	1
23	1
19	0
145	0
120	28
61	0
81	0
42	0
17	20
30	0
0	0
16	23
511	0
17	0
110	0
46	0
47	0
1	0
70	0
72	0
11	0
25	0
58	2
41	0
9	0
10	0
67	34
0	0
11	13
26	0
14	7
339	22
75	0
44	0
21	0
13	0
18	0
98	0
281	0
0	0
1	0
12	12
3	0
0	0
91	0
47	0
0	0
2	0
11	0
6	3
36	47
61	9
174	0
2	0
25	0
15	0
4	1
1	0
141	4
1	0
51	11
12	0
39	0
0	0
40	34
0	0
17	11
5	5
21	0
2	0
17	5
148	0
1	0
1	0
54	0
107	0
32	39
14	20
81	0
75	0
18	0
42	0
14	42
5	0
63	0
10	15
0	0
19	14
69	0
2	0
2	0
29	0
5	0
29	0
25	9
140	0
21	0
1	6
35	0
3	0
395	0
188	0
8	11
10	8
17	42
2	0
21	0
2	0
0	40
24	1
2	0
29	0
12	0
47	0
1	0
10	30
2	0
21	2
14	3
10	2
14	1
2	0
32	33
39	14
1	12
216	37
154	0
2	0
396	0
44	0
56	0
45	0
4	0
1	48
0	0
21	0
0	0
59	16
114	0
11	0
9	3
2	0
51	48
4	0
0	0
0	0
26	0
158	1
9	0
6	0
4	1
266	0
9	4
12	0
12	0
44	0
7	0
87	0
139	0
174	0
30	0
8	0
4	18
0	0
28	0
116	0
11	12
48	17
6	4
0	0
14	0
0	0
4	0
10	0
39	2
20	0
2	0
9	0
3	21
15	0
3	0
20	2
39	0
24	0
12	16
34	12
7	0
30	23
33	0
30	0
51	32
52	0
8	1
82	0
12	51
519	13
0	0
1	0
0	0
0	16
54	32
11	0
17	5
73	23
65	0
0	0
20	0
58	0
46	0
84	0
3	0
8	0
0	0
271	0
33	2
27	40
42	75
62	2
11	0
3	0
1	6
35	5
84	10
15	0
27	0
10	0
133	0
0	0
9	0
31	0
0	0
10	0
55	56
16	0
1	0
22	16
550	22
22	0
42	16
33	24
6	0
28	0
14	29
0	0
42	0
0	0
31	0
46	41
9	58
64	0
27	0
48	0
0	0
3	0
4	0
65	0
31	0
1	0
4	0
1	0
0	0
2	0
0	0
14	0
1	0
40	0
47	0
202	0
4	4
17	0
15	0
4	0
3	0
18	0
2	0
138	0
251	0
4	0
0	0
239	0
50	16
18	0
3	0
37	0
154	0
35	0
200	0
1	0
2	0
3	0
40	0
57	0
261	0
21	0
1	0
4	0
0	0
2	5
73	0
0	0
38	58
4	0
2	0
0	0
66	0
181	0
2	24
15	4
1	0
113	14
3	0
1	0
171	40
11	0
37	0
1	0
17	0
7	0
46	0
142	50
29	36
5	0
1	0
0	0
55	1
48	0
17	0
0	2
0	0
45	0
0	0
41	0
25	0
5	0
2	0
4	0
2	0
32	0
9	40
3	0
0	0
3	0
261	16
0	0
1	0
188	0
0	0
6	0
25	0
43	11
41	0
20	39
25	1
13	19
2	0
60	26
83	0
34	0
6	6
107	0
2	0
8	0
8	0
1	0
234	0
414	0
17	0
0	0
33	0
5	17
1	0
13	0
14	0
5	0
1	0
15	9
83	13
7	0
9	0
99	29
55	0
777	4
161	0
400	15
2	0
16	0
27	0
50	0
50	0
15	0
368	13
0	0
33	26
39	0
11	0
23	7
19	0
9	0
112	0
46	0
14	0
4	0
388	0
64	3
9	0
17	0
10	0
1	2
3	3
61	0
0	0
161	0
1	0
40	17
14	6
4	0
11	13
0	0
5	0
17	0
358	2
34	0
1	0
14	0
10	0
0	0
350	0
4	36
29	0
5	0
29	0
27	0
0	0
6	0
20	0
31	0
31	0
26	0
22	0
2	0
6	0
4	0
0	0
147	26
114	0
1	22
5	0
28	0
58	0
195	0
21	0
1	0
30	0
8	0
64	0
0	0
3	0
34	40
28	0
0	0
20	12
5	0
15	25
58	0
54	0
16	0
670	0
30	0
89	0
12	26
29	9
27	7
13	0
9	56
53	1
3	4
114	9
12	1
5	0
21	0
50	0
236	26
4	0
7	0
85	0
0	13
4	0
42	4
24	0
2	11
12	0
15	1
5	18
38	0
12	0
2	0
29	23
9	0
0	0
19	27
89	0
18	0
29	0
69	0
5	0
2	0
18	0
0	0
3	0
29	21
8	0
374	10
0	0
455	0
26	0
68	0
16	0
0	0
262	0
178	33
16	0
0	0
6	0
2	0
1	0
45	0
122	0
5	0
50	0
14	2
14	0
104	36
6	0
42	0
41	24
1	0
1	0
37	10
1	0
13	9
1	0
4	0
15	0
22	0
0	0
11	0
1	0
1	0
11	0
7	6
108	0
23	0
22	0
11	0
9	0
2	0
111	0
10	28
11	0
12	0
77	0
3	0
3	0
8	5
2	0
4	0
7	6
55	10
41	0
2	0
12	0
118	0
235	0
107	16
4	0
10	0
0	0
14	0
84	0
29	25
1	0
35	0
39	0
1	0
86	0
16	0
2	0
2	0
10	0
0	0
1	0
1	0
3	0
0	0
23	0
0	0
1	0
4	2
13	24
4	0
2	4
7	0
6	0
2	0
6	0
1	0
7	0
0	0
120	0
10	0
65	0
0	0
29	0
16	20
35	12
62	23
246	0
16	0
2	0
18	20
19	0
6	0
3	0
5	0
216	37
4	0
52	0
6	0
5	0
3	0
63	0
9	0
14	1
17	0
18	0
23	0
26	0
43	0
9	0
26	0
19	0
47	2
10	12
10	0
71	0
2	0
70	0
151	11
0	0
38	0
0	0
2	0
6	0
4	0
0	0
20	0
26	0
18	0
1	0
1	0
9	0
23	0
28	0
1	0
3	0
6	0
37	0
22	0
191	0
6	0
30	0
7	0
68	0
102	9
10	13
81	0
42	0
16	0
30	1
7	0
0	0
4	0
517	0
4	0
20	0
13	5
3	8
0	0
0	0
66	0
20	3
53	37
5	0
12	0
1	1
1	0
2	0
12	0
20	0
38	0
2	0
8	1
10	0
28	0
29	0
60	0
1	0
3	0
26	5
13	0
8	9
61	20
47	0
13	0
8	0
151	0
54	41
18	49
3	0
11	0
1	0
8	0
45	0
16	0
2	0
39	12
19	0
6	23
14	0
1	0
25	0
2	0
8	0
16	0
10	9
9	0
10	0
83	0
47	11
13	0
1	0
12	0
22	0
2	0
18	0
1	0
0	0
0	0
41	0
356	9
70	51
111	0
18	15
41	0
18	8
39	6
11	0
27	23
197	0
35	0
59	0
199	14
20	0
29	6
1	0
4	32
13	12
31	1
53	0
5	2
0	0
1	18
8	0
2	0
0	0
12	0
72	0
42	38
5	2
3	0
1	0
234	0
71	13
55	9
674	20
0	0
24	0
31	14
4	6
3	0
6	0
2	0
38	0
50	0
2	0
27	0
67	6
118	0
81	0
24	0
25	3
2	1
37	31
7	0
4	0
4	1
369	7
59	19
6	44
5	17
0	0
0	0
9	0
24	22
169	28
5	0
207	0
5	0
65	0
142	13
7	0
0	0
10	0
15	3
13	38
9	0
23	35
52	0
1	0
0	0
0	0
75	0
71	0
1	0
83	0
4	0
4	0
25	0
75	0
10	0
11	0
10	3
2	0
43	0
12	0
29	8
14	0
0	8
6	0
7	0
0	0
9	0
2	0
56	0
12	31
0	0
41	41
60	0
0	0
65	56
0	0
14	0
30	11
18	0
12	1
107	0
68	0
72	0
23	0
2	0
45	0
73	0
43	0
4	1
1	0
224	0
29	1
25	0
31	1
0	0
9	28
1	0
1	0
38	0
2	1
2	0
9	4
2	4
5	0
1	0
25	0
36	18
1	0
6	0
16	1
1	1
2	0
158	8
4	0
4	0
50	0
15	13
4	2
18	0
12	0
22	12
5	0
15	7
323	12
93	0
17	0
44	0
33	0
0	0
70	0
69	0
245	0
1	0
1	0
24	0
34	0
2	0
3	0
1	0
1	0
0	0
9	1
0	0
31	0
4	0
15	2
0	0
0	0
1	0
31	0
9	12
9	17
47	1
1	0
0	0
134	50
8	18
9	10
39	4
1	0
22	0
1	4
21	0
0	0
18	0
28	0
1	8
31	2
74	27
0	0
4	4
18	62
13	0
26	2
12	68
188	0
3	1
4	0
33	1
4	0
2	0
93	0
17	0
0	0
3	0
21	10
11	0
3	0
3	0
32	36
3	0
9	0
198	2
25	0
76	0
71	0
17	0
55	0
1	0
53	15
20	0
8	0
1	0
3	0
3	0
23	0
0	0
9	21
0	0
2	0
37	0
310	41
1	0
0	0
4	0
114	30
3	0
19	0
73	0
2	37
29	6
0	0
3	0
9	0
8	18
11	8
0	0
37	0
24	0
15	6
58	0
0	0
75	10
5	0
40	0
1	38
1	15
21	0
7	0
24	0
25	0
11	0
18	0
41	6
28	0
2	0
6	0
5	0
65	0
6	0
18	0
14	0
9	35
82	0
0	0
3	0
19	0
16	0
11	0
4	0
48	10
26	20
69	0
7	0
6	0
0	0
3	0
18	0
0	0
29	0
5	0
73	0
19	0
101	0
72	0
4	0
0	6
2	0
367	0
46	13
11	4
4	0
69	52
18	0
5	0
6	0
92	0
35	48
0	0
11	9
52	0
33	0
1	0
4	10
32	15
0	0
31	2
23	1
7	0
5	0
113	0
135	0
1	43
90	0
3	0
7	0
13	14
55	0
30	0
0	0
28	0
53	0
37	23
2	7
10	3
0	0
56	0
21	0
19	16
30	0
1	0
18	0
50	2
347	6
54	0
3	0
8	7
1	0
43	0
4	0
5	0
71	0
3	0
0	0
2	0
2	0
7	23
14	0
56	0
9	3
42	0
10	0
14	8
9	1
23	28
41	0
1	0
2	0
26	0
4	0
1	0
39	76
5	0
89	10
1	0
14	13
12	0
8	0
32	0
4	5
4	0
5	0
18	15
14	0
11	0
2	0
14	0
40	0
2	0
19	0
27	0
3	0
41	45
18	0
44	28
70	2
0	0
17	18
2	0
290	0
27	0
10	0
52	0
4	0
1	0
68	0
51	0
157	0
15	0
18	19
10	4
48	0
21	0
46	36
58	0
0	0
33	0
0	0
5	0
19	0
7	0
4	0
70	44
35	0
2	0
5	0
13	1
7	0
13	3
6	3
71	0
0	0
11	0
20	0
25	0
87	0
1	0
13	8
73	0
5	0
3	2
39	0
5	0
67	0
1	0
10	9
0	0
7	0
82	0
0	0
25	0
30	0
5	0
4	0
44	0
0	0
33	17
23	0
14	15
0	0
3	4
6	59
28	0
0	0
5	0
7	4
39	0
0	2
14	31
1	0
22	0
1	0
0	0
19	23
7	0
10	0
0	0
26	0
16	0
31	0
1	0
524	46
141	22
477	0
0	0
4	0
529	0
68	0
8	0
54	0
3	0
1	0
90	8
24	0
2	0
52	0
4	0
8	0
83	0
13	0
25	0
96	0
11	3
7	0
51	17
52	0
155	0
19	0
32	48
5	8
19	0
0	0
2	0
16	0
0	0
2	0
9	0
3	0
7	0
0	6
19	1
10	12
4	0
7	0
17	0
49	4
53	0
2	0
40	0
2	0
5	1
1	0
10	0
24	0
1	0
6	2
0	0
2	0
8	0
13	0
0	22
6	0
31	20
0	0
0	0
13	15
23	11
68	61
25	0
48	41
2	0
111	0
16	0
76	29
0	0
34	35
40	0
116	0
6	0
30	9
1	0
2	0
2	0
21	0
1	0
29	1
43	0
188	0
2	0
20	29
50	18
40	0
7	0
38	12
4	0
3	0
59	0
344	0
49	38
9	0
24	13
11	0
69	30
65	28
57	74
15	9
17	71
11	3
36	0
46	3
41	0
23	0
7	0
5	16
5	20
7	7
38	0
33	0
72	0
11	0
3	14
5	0
22	0
109	37
4	0
1	0
77	0
8	11
21	0
0	0
5	0
0	0
0	0
13	0
29	0
10	3
174	0
1	0
10	7
3	0
4	4
11	0
0	7
16	0
2	4
59	0
8	0
0	0
54	0
104	0
40	16
4	0
6	6
178	0
1	0
0	0
9	0
5	13
3	0
12	0
4	0
29	0
23	31
8	0
2	0
7	0
11	0
19	0
33	26
0	0
2	0
25	0
14	3
25	0
23	0
1	0
129	0
9	0
3	30
7	8
3	0
69	0
2	0
1	0
64	0
15	0
3	6
42	0
24	0
1	0
7	0
12	0
0	4
12	0
17	15
0	0
2	2
5	1
0	0
68	0
21	0
4	0
0	0
40	25
14	40
6	0
7	6
20	0
1	1
18	13
49	0
8	0
8	0
57	0
200	0
8	0
11	0
8	0
3	56
2	0
5	0
16	0
65	22
2	1
36	0
0	0
9	12
1	0
25	0
32	0
45	3
0	0
22	43
58	0
11	0
22	0
30	51
7	0
92	6
1	0
9	0
10	20
38	0
146	6
40	0
0	0
35	0
3	0
10	0
2	0
11	0
5	0
29	0
3	4
60	19
0	0
7	6
3	0
24	24
48	0
12	0
8	0
8	0
6	1
36	36
16	0
49	0
1	0
71	0
13	0
58	0
0	0
9	0
10	0
87	0
17	0
5	0
2	0
3	0
36	0
6	0
3	0
6	0
5	0
16	0
2	0
59	0
63	0
37	0
15	0
5	0
7	24
7	3
25	4
31	0
25	0
38	6
42	0
5	0
12	0
41	0
2	0
61	0
120	0
0	0
11	0
1	0
340	0
35	16
116	0
11	12
6	0
18	0
13	0
14	0
6	0
6	0
196	0
10	0
5	0
249	0
0	0
10	13
21	0
12	0
10	0
24	0
7	4
6	0
30	0
35	0
7	28
588	0
6	34
13	0
4	0
4	0
1	3
1	0
13	15
32	0
15	26
6	0
12	20
29	2
7	0
2	0
27	25
93	0
8	0
15	0
2	18
205	30
36	51
28	13
7	0
106	0
13	0
3	0
29	0
5	0
55	0
18	0
13	0
2	11
1	0
18	6
52	7
14	6
3	0
10	0
0	0
55	0
0	0
48	8
56	0
11	0
4	0
20	0
2	0
44	0
86	0
0	0
6	1
18	21
4	0
9	16
4	46
3	0
8	1
95	5
5	0
66	0
4	0
3	0
58	0
0	0
14	26
131	0
37	0
9	0
23	0
4	0
25	0
38	0
3	11
0	4
17	0
11	3
7	0
10	70
4	1
1	1
18	0
11	0
51	0
25	0
3	0
42	0
5	22
29	10
4	5
2	0
9	0
79	0
69	0
10	0
87	0
0	0
0	0
1	0
79	0
3	0
4	0
78	6
8	0
42	0
0	0
11	13
5	9
47	13
58	0
71	21
497	2
44	0
7	0
8	59
8	0
0	0
8	0
2	0
0	0
21	0
4	12
18	0
70	0
8	0
109	0
6	0
3	0
4	0
86	0
22	0
22	75
1	1
15	5
1	5
155	9
23	0
3	0
16	5
69	12
9	3
4	0
0	12
11	0
0	12
39	0
5	0
23	0
20	0
104	0
97	0
296	0
12	0
7	0
4	0
20	0
19	0
2	0
4	0
223	34
98	0
6	0
7	2
1	0
41	54
0	0
12	1
43	0
62	0
9	0
38	0
13	4
0	0
22	0
3	18
2	10
9	40
13	0
31	0
12	2
12	0
24	0
20	0
23	44
1	0
33	0
2	0
8	0
8	0
5	21
54	0
1	0
1	0
19	0
135	0
1	0
26	13
38	0
12	2
24	5
20	4
10	0
15	0
25	0
44	0
47	0
0	0
30	3
0	0
6	13
0	0
77	0
32	0
7	10
14	0
0	0
40	22
6	0
58	46
12	0
44	0
12	1
12	4
37	24
40	17
9	0
278	0
15	0
0	0
1	0
1	0
11	0
21	0
90	0
0	0
8	0
5	0
15	0
1	0
1	0
29	11
42	0
54	56
2	0
54	0
33	5
6	0
10	0
20	0
54	0
15	0
1	0
9	0
44	0
51	0
4	0
5	0
97	0
37	22
38	0
98	0
13	0
1	1
12	0
0	0
35	49
4	0
5	0
8	0
0	0
0	0
43	23
3	0
7	0
3	0
5	6
12	0
1	18
6	0
39	36
107	0
19	0
13	0
16	0
7	0
53	0
2	0
8	1
5	0
2	0
5	0
0	0
38	0
48	0
2	0
3	0
39	0
0	0
14	0
7	0
1	0
6	2
18	0
24	36
48	0
4	0
59	0
1	0
4	0
5	0
11	43
4	3
27	3
136	55
3	1
21	0
22	56
29	0
34	57
15	0
7	0
9	0
9	0
41	0
19	1
17	70
20	14
15	22
1	0
14	0
137	0
17	0
2	0
7	17
101	0
55	0
18	19
32	42
20	0
30	9
89	27
9	0
39	0
41	0
63	0
4	0
49	0
1	0
3	0
54	0
32	14
496	0
82	0
17	0
3	0
22	38
7	0
75	22
2	0
14	0
30	0
7	0
193	0
114	2
77	0
12	13
174	26
9	0
1	0
13	0
42	0
76	0
23	14
0	0
9	0
0	0
21	0
5	2
14	1
0	0
3	0
1	0
5	0
13	0
58	0
0	0
28	16
6	0
2	0
3	28
19	0
39	0
38	0
9	0
0	5
55	23
8	0
21	5
29	7
87	0
0	25
24	0
5	0
10	0
1	0
2	0
15	7
1	0
15	0
10	0
1	0
20	0
5	0
24	0
16	0
63	0
2	0
9	0
29	0
3	0
67	53
140	0
11	4
26	24
14	0
35	0
50	0
4	5
44	0
102	37
48	0
17	0
2	1
344	0
4	0
40	0
2	0
33	0
19	17
10	0
22	0
268	0
4	0
5	0
7	0
1	7
0	0
38	0
28	0
25	0
13	0
8	6
19	0
2	27
1	7
18	17
3	0
0	0
3	0
12	5
3	1
13	3
38	0
36	1
4	0
14	0
24	0
11	0
17	0
53	0
27	31
14	0
24	0
10	0
55	0
161	0
77	0
1	0
48	0
82	0
19	0
10	0
14	15
142	1
4	0
50	0
66	0
24	0
6	0
5	6
6	19
9	0
0	3
2	0
56	0
350	0
49	8
0	0
14	0
2	0
29	32
5	22
19	0
14	0
7	2
12	3
45	0
46	42
21	0
9	0
7	0
1	0
1	0
5	0
13	0
18	0
39	41
2	0
3	0
1	0
30	0
35	13
46	0
29	8
25	0
34	3
2	0
22	0
9	0
59	0
42	0
33	31
7	2
25	0
37	0
1	17
33	0
40	1
0	0
3	0
60	0
22	0
8	19
6	0
0	0
30	5
43	0
9	8
18	0
19	27
0	0
32	0
11	0
6	2
23	12
72	0
9	0
82	0
23	0
81	40
3	0
33	0
2	0
80	17
33	17
13	16
1	0
168	0
9	0
9	7
3	0
76	0
32	0
16	0
6	12
0	0
3	0
0	13
13	13
12	0
20	2
30	0
9	0
0	2
72	0
11	0
30	0
2	0
4	0
36	19
17	2
21	0
16	3
98	0
9	0
4	0
164	0
1	0
1	0
34	0
20	0
18	0
3	0
8	31
11	0
41	0
1	0
138	0
2	0
87	0
2	0
601	0
4	3
1	0
1	0
101	0
0	0
33	0
9	0
14	29
44	14
0	0
1	0
0	0
8	1
7	4
3	0
39	0
20	12
6	0
12	3
34	0
4	0
1	0
14	19
3	0
20	0
89	0
4	0
4	0
8	5
58	0
94	0
27	0
128	44
70	18
3	0
50	3
24	0
20	0
16	0
25	0
5	0
16	0
0	0
22	14
4	0
53	0
12	5
2	0
15	1
53	0
28	4
4	0
23	31
4	10
137	5
75	1
4	0
9	5
129	0
41	0
0	7
79	0
17	0
24	0
24	0
10	0
4	0
7	0
0	0
25	0
41	36
62	28
10	14
63	8
14	0
47	0
0	0
14	9
7	3
2	1
21	0
12	7
103	0
7	17
5	0
35	0
17	7
0	0
43	0
24	0
74	0
10	10
12	3
13	0
4	0
7	0
0	0
4	0
52	21
2	0
1	0
58	15
18	0
4	16
95	0
57	0
13	0
10	6
18	2
0	0
466	0
4	0
12	22
105	0
8	0
30	22
5	0
7	0
68	0
40	0
24	0
0	0
86	25
5	0
0	0
0	0
36	0
26	0
1	0
98	17
48	0
0	0
11	0
14	0
0	0
10	0
93	0
39	0
16	14
13	5
8	18
6	4
35	0
36	1
8	0
9	0
0	0
23	0
4	0
5	0
4	0
53	0
128	0
14	0
72	0
1	0
3	4
19	30
0	0
82	6
49	0
105	0
42	0
4	0
8	7
13	0
22	0
43	3
32	0
21	0
35	0
17	7
46	19
53	20
15	0
35	0
62	0
2	0
9	0
19	0
26	0
0	0
25	0
64	0
11	2
10	0
30	21
53	0
171	0
5	0
1	0
10	0
1	0
9	0
5	0
29	0
3	0
14	22
25	0
1	0
19	0
0	0
0	0
29	9
7	0
100	34
2	0
51	0
10	17
28	0
90	0
13	11
65	0
3	0
19	0
15	14
13	42
28	4
44	43
106	0
6	41
27	16
60	0
73	0
20	7
3	0
10	0
5	0
0	0
27	0
7	1
18	26
1	0
0	0
11	7
0	0
44	0
4	0
52	0
134	0
10	0
6	0
2	2
7	12
44	0
60	6
10	0
11	0
38	41
23	0
13	22
75	13
118	0
35	6
6	0
8	0
1	0
45	0
116	0
0	0
3	0
6	0
161	16
7	0
9	0
14	0
28	0
5	0
115	0
6	0
21	0
21	0
8	0
33	0
22	0
2	0
3	0
6	0
49	0
7	6
85	17
15	0
32	0
6	2
45	10
0	0
1	0
15	20
35	0
4	3
6	0
2	0
6	0
9	0
36	0
0	0
0	0
71	23
3	0
19	0
7	0
46	16
4	9
2	0
4	0
21	0
3	0
0	0
5	0
23	0
14	0
5	0
31	10
9	0
4	0
91	0
1	0
5	0
121	0
55	0
8	0
10	5
3	0
62	0
10	2
31	0
214	0
1	0
0	0
1	0
45	0
10	6
10	0
4	0
3	0
6	0
17	0
0	0
87	0
0	0
0	0
74	4
42	0
27	0
7	5
0	0
52	0
0	0
4	0
47	0
31	0
5	0
5	3
5	4
6	42
23	13
1	0
30	0
1	0
32	0
2	0
0	0
5	0
6	0
1	1
1	1
17	4
2	0
8	0
0	0
1	0
0	0
196	28
0	0
10	0
2	0
13	5
8	29
0	0
20	34
9	5
19	43
5	2
64	0
56	0
7	0
9	15
69	47
10	0
68	0
21	0
11	0
31	0
147	0
130	0
0	0
17	13
3	0
8	0
0	0
4	0
3	1
10	0
36	0
3	0
46	0
3	0
36	0
8	0
1	0
31	0
10	0
17	0
38	0
13	0
0	0
29	0
2	0
10	0
39	0
10	0
4	16
50	33
13	0
44	0
19	0
53	0
26	0
9	0
5	0
0	0
4	0
67	75
70	0
15	2
41	0
8	0
2	3
35	0
4	0
52	0
3	0
19	10
12	0
49	0
0	0
3	0
3	0
49	26
4	11
3	0
